{
  "accuracy": 0.912139770407487,
  "bal_accuracy": 0.4885390612998765,
  "macro_f1": 0.5046984897478903,
  "weighted_f1": 0.8830459313353874
}