{
  "accuracy": 0.947343072014988,
  "bal_accuracy": 0.6747643343037074,
  "macro_f1": 0.7256545369126138,
  "weighted_f1": 0.9411011791595424
}