{
  "accuracy": 0.939477893546135,
  "bal_accuracy": 0.6297397501076849,
  "macro_f1": 0.7089056732859949,
  "weighted_f1": 0.9271538126973161
}