{
  "accuracy": 0.9445283985966401,
  "bal_accuracy": 0.91668982194111,
  "macro_f1": 0.8613158288263408,
  "weighted_f1": 0.9482905437951151
}