{
  "accuracy": 0.984397783610382,
  "bal_accuracy": 0.8991545684616419,
  "macro_f1": 0.9089376403984467,
  "weighted_f1": 0.9838825590937942
}